Date,Auto
04/01/2010,7575.76
05/01/2010,7556.92
06/01/2010,7531.01
07/01/2010,7401.54
08/01/2010,7396.26
11/01/2010,7464.05
12/01/2010,7473.46
13/01/2010,7424.29
14/01/2010,7445.07
15/01/2010,7442.79
18/01/2010,7569.43
19/01/2010,7516.53
20/01/2010,7549.06
21/01/2010,7441.79
22/01/2010,7401.97
25/01/2010,7243.92
27/01/2010,6897.71
28/01/2010,6927.27
29/01/2010,6953.2
01/02/2010,7070.85
02/02/2010,6968.34
03/02/2010,7091.48
04/02/2010,6941.36
05/02/2010,6800.53
06/02/2010,6864.29
08/02/2010,6849.76
09/02/2010,6869.75
10/02/2010,6817.25
11/02/2010,6963.15
15/02/2010,6939.89
16/02/2010,7035.11
17/02/2010,7119.36
18/02/2010,7068.34
19/02/2010,6998.24
22/02/2010,7006.9
23/02/2010,6879.71
24/02/2010,6850
25/02/2010,6846.66
26/02/2010,7170.99
02/03/2010,7478.81
03/03/2010,7544.67
04/03/2010,7553.42
05/03/2010,7553.2
08/03/2010,7688.14
09/03/2010,7619.09
10/03/2010,7644.04
11/03/2010,7571.07
12/03/2010,7572.64
15/03/2010,7518.5
16/03/2010,7631.63
17/03/2010,7599.53
18/03/2010,7594.1
19/03/2010,7629.37
22/03/2010,7497.42
23/03/2010,7458.68
25/03/2010,7493.14
26/03/2010,7624.31
29/03/2010,7667.04
30/03/2010,7659.67
31/03/2010,7671.24
01/04/2010,7664.9
05/04/2010,7818.5
06/04/2010,7738.43
07/04/2010,7823.21
08/04/2010,7717.61
09/04/2010,7815.83
12/04/2010,7749.38
13/04/2010,7646.81
15/04/2010,7627.36
16/04/2010,7588.26
19/04/2010,7507.07
20/04/2010,7596.09
21/04/2010,7679.49
22/04/2010,7748.57
23/04/2010,7770.56
26/04/2010,7754.38
27/04/2010,7691.72
28/04/2010,7613.47
29/04/2010,7683.55
30/04/2010,7799.85
03/05/2010,7767.94
04/05/2010,7688.18
05/05/2010,7692.08
06/05/2010,7637.41
07/05/2010,7515
10/05/2010,7764.43
11/05/2010,7732.86
12/05/2010,7727.36
13/05/2010,7888.87
14/05/2010,7792.42
17/05/2010,7693.15
18/05/2010,7659.52
19/05/2010,7395.68
20/05/2010,7356.13
21/05/2010,7398.62
24/05/2010,7337.07
25/05/2010,7151.6
26/05/2010,7296.32
27/05/2010,7449.22
28/05/2010,7558.43
31/05/2010,7699.94
01/06/2010,7596.24
02/06/2010,7728.32
03/06/2010,7845.28
04/06/2010,7894.44
07/06/2010,7757.99
08/06/2010,7683.32
09/06/2010,7710.23
10/06/2010,7940.31
11/06/2010,8018.3
14/06/2010,8026.36
15/06/2010,8007.66
16/06/2010,8110.83
17/06/2010,8186.2
18/06/2010,8135.37
21/06/2010,8257.34
22/06/2010,8222.12
23/06/2010,8277.5
24/06/2010,8283.81
25/06/2010,8208.53
28/06/2010,8305.97
29/06/2010,8235.4
30/06/2010,8323.3
01/07/2010,8220.57
02/07/2010,8184.44
05/07/2010,8190.63
06/07/2010,8251.68
07/07/2010,8183.04
08/07/2010,8261.97
09/07/2010,8368.82
12/07/2010,8368.77
13/07/2010,8393.49
14/07/2010,8353.18
15/07/2010,8343.19
16/07/2010,8336.87
19/07/2010,8316.67
20/07/2010,8259.08
21/07/2010,8327.6
22/07/2010,8430.92
23/07/2010,8413.35
26/07/2010,8139.73
27/07/2010,8337.96
28/07/2010,8393.03
29/07/2010,8433.95
30/07/2010,8424.2
02/08/2010,8453.38
03/08/2010,8445.85
04/08/2010,8468.86
05/08/2010,8496.17
06/08/2010,8532.78
09/08/2010,8630.5
10/08/2010,8639.53
11/08/2010,8640.48
12/08/2010,8741.61
13/08/2010,8776.41
16/08/2010,8761.47
17/08/2010,8761.91
18/08/2010,8873.38
19/08/2010,8892.44
20/08/2010,8874.83
23/08/2010,8915.34
24/08/2010,8893.93
25/08/2010,8765.76
26/08/2010,8783.84
27/08/2010,8710.05
30/08/2010,8741.49
31/08/2010,8813.79
01/09/2010,8838.05
02/09/2010,8890.06
03/09/2010,8970.48
06/09/2010,9123.61
07/09/2010,9096.85
08/09/2010,9079.38
09/09/2010,9096.55
13/09/2010,9153.73
14/09/2010,9278.8
15/09/2010,9256.3
16/09/2010,9215.03
17/09/2010,9275.97
20/09/2010,9397.32
21/09/2010,9407.4
22/09/2010,9414.92
23/09/2010,9419.07
24/09/2010,9507.88
27/09/2010,9553.88
28/09/2010,9568.97
29/09/2010,9576.73
30/09/2010,9527.64
01/10/2010,9756.96
04/10/2010,9818.75
05/10/2010,9891.5
06/10/2010,9934.37
07/10/2010,9828.91
08/10/2010,9700.87
11/10/2010,9887.79
12/10/2010,9878.25
13/10/2010,10015.87
14/10/2010,9950.89
15/10/2010,9751.91
18/10/2010,9738.12
19/10/2010,9765.58
20/10/2010,9710.97
21/10/2010,9807.17
22/10/2010,9729.48
25/10/2010,9849.28
26/10/2010,9933.73
27/10/2010,9916.83
28/10/2010,9941.91
29/10/2010,9909.91
01/11/2010,10004.84
02/11/2010,9952.29
03/11/2010,10072.4
04/11/2010,10241.05
05/11/2010,10329.96
08/11/2010,10290.75
09/11/2010,10300.88
10/11/2010,10416.29
11/11/2010,10336.57
12/11/2010,10125.81
15/11/2010,10209.8
16/11/2010,9983.56
18/11/2010,10122.87
19/11/2010,9940.93
22/11/2010,10117.35
23/11/2010,10110.95
24/11/2010,10116.46
25/11/2010,10056.09
26/11/2010,9866.48
29/11/2010,9963.3
30/11/2010,10099.95
01/12/2010,10291.92
02/12/2010,10261.33
03/12/2010,10291.94
06/12/2010,10325.48
07/12/2010,10333.42
08/12/2010,10236.29
09/12/2010,9895
10/12/2010,9921.76
13/12/2010,9981.48
14/12/2010,9961.45
15/12/2010,9873.78
16/12/2010,9890.72
20/12/2010,10118.62
21/12/2010,10168.38
22/12/2010,10153.36
23/12/2010,10069.36
24/12/2010,10017.28
27/12/2010,10007.14
28/12/2010,9971.74
29/12/2010,10054.29
30/12/2010,10140.9
31/12/2010,10235.41
03/01/2011,10218.25
04/01/2011,10162.24
05/01/2011,9964.24
06/01/2011,9806.13
07/01/2011,9486.47
10/01/2011,9283.75
11/01/2011,9318.54
12/01/2011,9506.57
13/01/2011,9478.15
14/01/2011,9259.02
17/01/2011,9251.64
18/01/2011,9292.24
19/01/2011,9301.54
20/01/2011,9298.58
21/01/2011,9309.41
24/01/2011,9387.88
25/01/2011,9289.52
27/01/2011,9168.31
28/01/2011,8841.9
31/01/2011,8894.58
01/02/2011,8643.23
02/02/2011,8635.02
03/02/2011,8755.25
04/02/2011,8571.46
07/02/2011,8581.57
08/02/2011,8350.09
09/02/2011,8210.74
10/02/2011,8278.97
11/02/2011,8490.82
14/02/2011,8812.73
15/02/2011,8875.58
16/02/2011,8842.59
17/02/2011,8930.76
18/02/2011,8717.71
21/02/2011,8614.9
22/02/2011,8448.72
23/02/2011,8488.18
24/02/2011,8189.39
25/02/2011,8251.04
28/02/2011,8252.92
01/03/2011,8718.22
03/03/2011,8880.28
04/03/2011,8919.29
07/03/2011,8691.98
08/03/2011,8791.63
09/03/2011,8854.54
10/03/2011,8850.22
11/03/2011,8767.53
14/03/2011,8828.14
15/03/2011,8648.95
16/03/2011,8771.05
17/03/2011,8659.47
18/03/2011,8485.3
21/03/2011,8462.25
22/03/2011,8591.63
23/03/2011,8597.51
24/03/2011,8717.68
25/03/2011,8848
28/03/2011,8982.42
29/03/2011,9119.49
30/03/2011,9255.31
31/03/2011,9290.75
01/04/2011,9355.86
04/04/2011,9527.37
05/04/2011,9558.58
06/04/2011,9583.31
07/04/2011,9576.61
08/04/2011,9397.13
11/04/2011,9194.67
13/04/2011,9428.08
15/04/2011,9439.08
18/04/2011,9391.25
19/04/2011,9354.96
20/04/2011,9609.84
21/04/2011,9661.96
25/04/2011,9685.35
26/04/2011,9677.96
27/04/2011,9662.6
28/04/2011,9607
29/04/2011,9559.94
02/05/2011,9462.88
03/05/2011,9108.98
04/05/2011,8988.12
05/05/2011,8938.98
06/05/2011,9218.92
09/05/2011,9100.45
10/05/2011,9103.5
11/05/2011,9189.82
12/05/2011,9098.9
13/05/2011,9221.97
16/05/2011,9152.7
17/05/2011,9058.95
18/05/2011,8970.16
19/05/2011,8989.74
20/05/2011,9113.05
23/05/2011,8944.29
24/05/2011,8938.98
25/05/2011,8925.21
26/05/2011,9058.42
27/05/2011,8981.07
30/05/2011,8846.69
31/05/2011,8932.74
01/06/2011,8939.88
02/06/2011,8836.14
03/06/2011,8807.09
06/06/2011,8758.78
07/06/2011,8773.67
08/06/2011,8711.88
09/06/2011,8662.43
10/06/2011,8633.81
13/06/2011,8651.7
14/06/2011,8635.15
15/06/2011,8624.43
16/06/2011,8555.41
17/06/2011,8463.99
20/06/2011,8256.02
21/06/2011,8283.6
22/06/2011,8284.73
23/06/2011,8310.94
24/06/2011,8560.42
27/06/2011,8687.88
28/06/2011,8759.25
29/06/2011,8781.92
30/06/2011,8798.48
01/07/2011,8782.23
04/07/2011,8861.88
05/07/2011,8940.04
06/07/2011,8973.3
07/07/2011,9112.71
08/07/2011,9101.45
11/07/2011,9097.25
12/07/2011,8892.94
13/07/2011,9033.69
14/07/2011,9047.06
15/07/2011,8993.51
18/07/2011,8900.28
19/07/2011,8861.59
20/07/2011,8735.33
21/07/2011,8706.64
22/07/2011,8859.46
25/07/2011,8981.62
26/07/2011,8789.78
27/07/2011,8779.32
28/07/2011,8740.89
29/07/2011,8758.83
01/08/2011,8827.92
02/08/2011,8780.12
03/08/2011,8653.03
04/08/2011,8475.01
05/08/2011,8312.71
08/08/2011,8249.99
09/08/2011,8289.89
10/08/2011,8635.95
11/08/2011,8593.52
12/08/2011,8534.43
16/08/2011,8461.22
17/08/2011,8360.09
18/08/2011,8245.65
19/08/2011,8188.1
22/08/2011,8299.08
23/08/2011,8311.4
24/08/2011,8119.78
25/08/2011,8105.13
26/08/2011,8048.87
29/08/2011,8291.95
30/08/2011,8396.16
02/09/2011,8571.79
05/09/2011,8682.94
06/09/2011,8765.94
07/09/2011,8794.82
08/09/2011,8832.2
09/09/2011,8753.78
12/09/2011,8537.48
13/09/2011,8480.67
14/09/2011,8592
15/09/2011,8733.52
16/09/2011,8832.91
19/09/2011,8862.73
20/09/2011,8980.74
21/09/2011,8899.32
22/09/2011,8555.56
23/09/2011,8419.51
26/09/2011,8327.67
27/09/2011,8553.08
28/09/2011,8452.11
29/09/2011,8650.52
30/09/2011,8498.42
03/10/2011,8465.42
04/10/2011,8300.87
05/10/2011,8290.4
07/10/2011,8487.84
10/10/2011,8679.54
11/10/2011,8755.36
12/10/2011,8894.42
13/10/2011,8762.75
14/10/2011,8849.37
17/10/2011,8988.8
18/10/2011,8840.31
19/10/2011,9000.55
20/10/2011,8865.49
21/10/2011,8848.17
24/10/2011,8792.15
25/10/2011,9277.76
26/10/2011,9304.03
28/10/2011,9571.12
31/10/2011,9477.19
01/11/2011,9289.34
02/11/2011,9248.68
03/11/2011,9212.36
04/11/2011,9248.17
08/11/2011,9240.42
09/11/2011,9081.54
11/11/2011,9138.1
14/11/2011,8956.61
15/11/2011,8808.55
16/11/2011,8798.44
17/11/2011,8641.88
18/11/2011,8538.32
21/11/2011,8309.61
22/11/2011,8399.2
23/11/2011,8269.57
24/11/2011,8471.77
25/11/2011,8362.86
28/11/2011,8470.51
29/11/2011,8492.55
30/11/2011,8434.28
01/12/2011,8636.93
02/12/2011,8819.88
05/12/2011,8823.74
07/12/2011,8863.82
08/12/2011,8719.07
09/12/2011,8521.71
12/12/2011,8304.42
13/12/2011,8390.7
14/12/2011,8270.28
15/12/2011,8168.23
16/12/2011,8106.88
19/12/2011,8124.6
20/12/2011,7926.23
21/12/2011,8128.8
22/12/2011,8262.62
23/12/2011,8281.47
26/12/2011,8356.77
27/12/2011,8299.87
28/12/2011,8209.06
29/12/2011,8170.36
30/12/2011,8143.65
02/01/2012,8045.9
03/01/2012,8200.98
04/01/2012,8102.04
05/01/2012,8200.13
06/01/2012,8174.39
07/01/2012,8172.71
09/01/2012,8134.43
10/01/2012,8370.95
11/01/2012,8393.52
12/01/2012,8463.8
13/01/2012,8465.96
16/01/2012,8531.64
17/01/2012,8755.47
18/01/2012,8656.66
19/01/2012,8756.11
20/01/2012,8818.88
23/01/2012,8862.1
24/01/2012,8998.04
25/01/2012,9101.61
27/01/2012,9197.33
30/01/2012,9028.18
31/01/2012,9241.78
01/02/2012,9428.7
02/02/2012,9448.67
03/02/2012,9523.22
06/02/2012,9604.05
07/02/2012,9498.2
08/02/2012,9565.55
09/02/2012,9735.52
10/02/2012,9713.36
13/02/2012,9795.42
14/02/2012,10005.14
15/02/2012,10338.32
16/02/2012,10373.67
17/02/2012,10319.2
21/02/2012,10330.44
22/02/2012,10170.62
23/02/2012,10089.91
24/02/2012,10033.24
27/02/2012,9699.9
28/02/2012,9995.05
29/02/2012,9994.61
01/03/2012,9905.03
02/03/2012,9875.78
03/03/2012,9860.03
05/03/2012,9831.79
06/03/2012,9780.82
07/03/2012,9801.93
09/03/2012,10019.28
12/03/2012,10106.73
13/03/2012,10118.01
14/03/2012,10204.26
15/03/2012,10132.48
16/03/2012,10154.48
19/03/2012,10116.58
20/03/2012,9965.14
21/03/2012,10098.99
22/03/2012,9907.89
23/03/2012,9998.62
26/03/2012,9860.5
27/03/2012,9905.95
28/03/2012,9844
29/03/2012,9909.67
30/03/2012,10134.88
02/04/2012,10129.3
03/04/2012,10110.24
04/04/2012,10064.37
09/04/2012,9950.88
10/04/2012,10035.89
11/04/2012,9985.58
12/04/2012,10110.28
13/04/2012,10156.26
16/04/2012,10288.94
17/04/2012,10371.53
18/04/2012,10529.39
19/04/2012,10744.73
20/04/2012,10753.06
23/04/2012,10575.28
24/04/2012,10579.76
25/04/2012,10602.7
26/04/2012,10514.04
27/04/2012,10528
28/04/2012,10574.98
30/04/2012,10645.52
02/05/2012,10462.9
03/05/2012,10209.04
04/05/2012,10024.41
07/05/2012,10147.43
08/05/2012,9903.93
09/05/2012,9809.09
10/05/2012,9722.26
11/05/2012,9779.08
14/05/2012,9715.47
15/05/2012,9741.92
16/05/2012,9489.31
17/05/2012,9410.61
18/05/2012,9231.46
21/05/2012,9276.21
22/05/2012,9202.5
23/05/2012,9140.09
24/05/2012,9243.21
25/05/2012,9238.89
28/05/2012,9399.91
29/05/2012,9424.46
30/05/2012,9050.13
31/05/2012,8873.01
01/06/2012,8680.3
04/06/2012,8748.09
05/06/2012,8729.99
06/06/2012,9066.68
07/06/2012,9186.54
08/06/2012,9192.24
11/06/2012,9140.79
12/06/2012,9301.91
13/06/2012,9165.4
14/06/2012,8983.29
15/06/2012,9213.8
18/06/2012,9155.05
19/06/2012,9176.87
20/06/2012,9260.84
21/06/2012,9329.12
22/06/2012,9338.41
25/06/2012,9283.75
26/06/2012,9319.53
27/06/2012,9248.05
28/06/2012,9255.89
29/06/2012,9457.91
02/07/2012,9405.41
03/07/2012,9426.43
04/07/2012,9472.41
05/07/2012,9530.52
06/07/2012,9487.65
09/07/2012,9381.46
10/07/2012,9533.13
11/07/2012,9420.67
12/07/2012,9312.35
13/07/2012,9310.02
16/07/2012,9244.28
17/07/2012,9125.74
18/07/2012,9179.79
19/07/2012,9136.73
20/07/2012,9161.8
23/07/2012,8941.7
24/07/2012,8931.87
25/07/2012,8874.29
26/07/2012,8792.11
27/07/2012,8877.86
30/07/2012,9078.44
31/07/2012,9114.07
01/08/2012,9109.1
02/08/2012,9094.45
03/08/2012,9019
06/08/2012,9172.57
07/08/2012,9328.71
08/08/2012,9440.99
09/08/2012,9482.84
10/08/2012,9366.91
13/08/2012,9355.66
14/08/2012,9422.07
16/08/2012,9476.55
17/08/2012,9535.47
21/08/2012,9648.71
22/08/2012,9671.81
23/08/2012,9591.5
24/08/2012,9596.74
27/08/2012,9551.4
28/08/2012,9473.88
29/08/2012,9344.46
30/08/2012,9340.65
31/08/2012,9240.4
03/09/2012,9277.57
04/09/2012,9335.49
05/09/2012,9239.76
06/09/2012,9307.14
07/09/2012,9492.19
08/09/2012,9539.6
10/09/2012,9586.33
11/09/2012,9581.56
12/09/2012,9702.18
13/09/2012,9666.06
14/09/2012,9945.45
17/09/2012,10124.98
18/09/2012,10135.9
20/09/2012,10105.37
21/09/2012,10269.6
24/09/2012,10349.59
25/09/2012,10275.31
26/09/2012,10248.37
27/09/2012,10220.01
28/09/2012,10413.19
01/10/2012,10480.96
03/10/2012,10443.14
04/10/2012,10435.19
05/10/2012,10492.9
08/10/2012,10360.86
09/10/2012,10356.33
10/10/2012,10284.22
11/10/2012,10350.42
12/10/2012,10274.53
15/10/2012,10243.83
16/10/2012,10149.19
17/10/2012,10199.8
18/10/2012,10342.64
19/10/2012,10249.33
22/10/2012,10230.54
23/10/2012,10147.94
25/10/2012,10207.25
26/10/2012,10289.75
29/10/2012,10291.37
30/10/2012,10149.9
31/10/2012,10307.26
01/11/2012,10533.63
02/11/2012,10690.67
05/11/2012,10639.77
06/11/2012,10585.67
07/11/2012,10651.63
08/11/2012,10759.14
09/11/2012,10718.13
12/11/2012,10682.09
13/11/2012,10651.72
15/11/2012,10558.37
16/11/2012,10400.21
19/11/2012,10508.02
20/11/2012,10574.98
21/11/2012,10549.93
22/11/2012,10524.41
23/11/2012,10558.86
26/11/2012,10527.39
27/11/2012,10628.8
29/11/2012,10849.42
30/11/2012,10814.46
03/12/2012,10834.57
04/12/2012,10787.69
05/12/2012,10795.36
06/12/2012,10880.62
07/12/2012,10936.3
10/12/2012,10911.82
11/12/2012,10897.66
12/12/2012,11000.43
13/12/2012,11096.8
14/12/2012,11162.4
17/12/2012,11236.73
18/12/2012,11286.7
19/12/2012,11494.88
20/12/2012,11406.99
21/12/2012,11252.9
24/12/2012,11304.39
26/12/2012,11335.74
27/12/2012,11345.97
28/12/2012,11378.53
31/12/2012,11426.21
01/01/2013,11524.83
02/01/2013,11630.82
03/01/2013,11620.73
04/01/2013,11590.59
07/01/2013,11633.89
08/01/2013,11644.94
09/01/2013,11730.89
10/01/2013,11767.84
11/01/2013,11632.73
14/01/2013,11579.78
15/01/2013,11613.98
16/01/2013,11335.09
17/01/2013,11381.52
18/01/2013,11298.24
21/01/2013,11262.87
22/01/2013,11206.12
23/01/2013,11113.49
24/01/2013,10834.39
25/01/2013,11071.24
28/01/2013,11185.31
29/01/2013,11059.84
30/01/2013,11005.95
31/01/2013,10993.92
01/02/2013,10885.84
04/02/2013,10936.99
05/02/2013,10905.67
06/02/2013,10906.6
07/02/2013,10938.82
08/02/2013,10809.65
11/02/2013,10821.87
12/02/2013,10924.07
13/02/2013,10952.75
14/02/2013,10789.6
15/02/2013,10836.08
18/02/2013,10849.26
19/02/2013,10953.54
20/02/2013,10924.34
21/02/2013,10760.55
22/02/2013,10700.9
25/02/2013,10784.87
26/02/2013,10487.67
27/02/2013,10553.03
28/02/2013,10458.61
01/03/2013,10615.61
04/03/2013,10532.97
05/03/2013,10720.39
06/03/2013,10755
07/03/2013,10832.79
08/03/2013,10875.92
11/03/2013,10827.25
12/03/2013,10835.69
13/03/2013,10669.43
14/03/2013,10710.87
15/03/2013,10625.27
18/03/2013,10472.49
19/03/2013,10337.95
20/03/2013,10345.63
21/03/2013,10114.98
22/03/2013,10115.33
25/03/2013,10036.26
26/03/2013,10071.09
28/03/2013,9994.23
01/04/2013,9919.65
02/04/2013,9951.64
03/04/2013,9729.57
04/04/2013,9688.29
05/04/2013,9741.8
08/04/2013,9775.72
09/04/2013,9816.03
10/04/2013,9883.96
11/04/2013,9963.19
12/04/2013,9920.53
15/04/2013,9823.52
16/04/2013,10072.93
17/04/2013,10189.47
18/04/2013,10420.11
22/04/2013,10453.71
23/04/2013,10465.78
25/04/2013,10757.78
26/04/2013,10848.28
29/04/2013,10905.69
30/04/2013,10957.88
02/05/2013,10996.62
03/05/2013,10831.43
06/05/2013,10981.89
07/05/2013,11105.38
08/05/2013,11054.1
09/05/2013,11020.69
10/05/2013,11263.33
11/05/2013,11268.85
13/05/2013,11037.15
14/05/2013,11015.2
15/05/2013,11267.93
16/05/2013,11199.85
17/05/2013,11202.29
20/05/2013,11294.29
21/05/2013,11096.87
22/05/2013,11052.62
23/05/2013,10877.86
24/05/2013,10873.02
27/05/2013,10930.83
28/05/2013,11076.54
29/05/2013,11114.53
30/05/2013,11369.08
31/05/2013,11166.34
03/06/2013,11072.26
04/06/2013,11021.39
05/06/2013,11047.83
06/06/2013,11045.15
07/06/2013,10891.55
10/06/2013,10827.54
11/06/2013,10691.74
12/06/2013,10632.38
13/06/2013,10385.15
14/06/2013,10697.47
17/06/2013,10901.11
18/06/2013,10875.73
19/06/2013,10802.43
20/06/2013,10611.5
21/06/2013,10647.87
24/06/2013,10483.02
25/06/2013,10536.52
26/06/2013,10347.65
27/06/2013,10392.42
28/06/2013,10715.77
01/07/2013,10914.67
02/07/2013,10831.6
03/07/2013,10744.55
04/07/2013,10816.07
05/07/2013,10818.24
08/07/2013,10655.27
09/07/2013,10685.64
10/07/2013,10525.88
11/07/2013,10583.89
12/07/2013,10571.6
15/07/2013,10634.89
16/07/2013,10569.4
17/07/2013,10487.97
18/07/2013,10512.67
19/07/2013,10686.71
22/07/2013,10800.42
23/07/2013,10837.66
24/07/2013,10698.38
25/07/2013,10713.65
26/07/2013,10649.82
29/07/2013,10688.66
30/07/2013,10468.54
31/07/2013,10568.8
01/08/2013,10409.09
02/08/2013,10343
05/08/2013,10296.63
06/08/2013,10225.15
07/08/2013,10076.06
08/08/2013,10215.33
12/08/2013,10289.78
13/08/2013,10528.32
14/08/2013,10879.52
16/08/2013,10619.73
19/08/2013,10287.6
20/08/2013,10055.58
21/08/2013,9899.37
22/08/2013,10096.13
23/08/2013,10248.18
26/08/2013,10247.83
27/08/2013,9982.64
28/08/2013,9991.62
29/08/2013,10201.61
30/08/2013,10202.17
02/09/2013,10238.98
03/09/2013,10081.59
04/09/2013,10330.56
05/09/2013,10418.55
06/09/2013,10416.32
10/09/2013,11039.56
11/09/2013,11048.77
12/09/2013,10849.63
13/09/2013,10943.28
16/09/2013,10985.18
17/09/2013,11065.81
18/09/2013,11067.25
19/09/2013,11383.07
20/09/2013,11203.65
23/09/2013,11073.27
24/09/2013,11189.92
25/09/2013,11181.83
26/09/2013,11192.48
27/09/2013,11161.7
30/09/2013,10996.59
01/10/2013,11095.81
03/10/2013,11359.56
04/10/2013,11466.75
07/10/2013,11444.67
08/10/2013,11456.94
09/10/2013,11520.22
10/10/2013,11744.17
11/10/2013,11959.46
14/10/2013,12013.45
15/10/2013,11941.51
17/10/2013,11797.95
18/10/2013,11930.36
21/10/2013,12017.91
22/10/2013,11950.09
23/10/2013,11862.87
24/10/2013,11935.8
25/10/2013,11794.35
28/10/2013,11790.02
29/10/2013,12077.03
30/10/2013,12071.3
31/10/2013,12074.9
01/11/2013,12230.53
03/11/2013,12322.43
05/11/2013,12286.85
06/11/2013,12207.83
07/11/2013,12084.02
08/11/2013,12029.24
11/11/2013,11874.36
12/11/2013,11682.5
13/11/2013,11736.94
14/11/2013,12079
18/11/2013,12222.75
19/11/2013,12253.85
20/11/2013,12103.28
21/11/2013,11986.6
22/11/2013,11841.63
25/11/2013,12084.58
26/11/2013,12144.35
27/11/2013,12262.48
28/11/2013,12306.41
29/11/2013,12321.76
02/12/2013,12377.83
03/12/2013,12325.14
04/12/2013,12196.21
05/12/2013,12241.81
06/12/2013,12297.41
09/12/2013,12466.17
10/12/2013,12455.14
11/12/2013,12324.22
12/12/2013,12053.65
13/12/2013,12034.34
16/12/2013,11949.54
17/12/2013,11943.88
18/12/2013,12150.35
19/12/2013,12112.38
20/12/2013,12357.25
23/12/2013,12385.17
24/12/2013,12375.58
26/12/2013,12318.76
27/12/2013,12308.04
30/12/2013,12252.32
31/12/2013,12258.83
01/01/2014,12274.57
02/01/2014,12170.38
03/01/2014,12029.73
06/01/2014,12053.77
07/01/2014,12064.82
08/01/2014,12150.39
09/01/2014,12081.33
10/01/2014,11956.31
13/01/2014,12037.22
14/01/2014,11979.85
15/01/2014,12125.54
16/01/2014,12023.87
17/01/2014,12028.06
20/01/2014,12114.46
21/01/2014,12239.74
22/01/2014,12273.68
23/01/2014,12144.28
24/01/2014,11953.12
27/01/2014,11555.36
28/01/2014,11574
29/01/2014,11587.96
30/01/2014,11619.23
31/01/2014,11568.87
03/02/2014,11350.84
04/02/2014,11415.92
05/02/2014,11602.39
06/02/2014,11701.11
07/02/2014,11791.28
10/02/2014,11831.93
11/02/2014,11923.19
12/02/2014,11943.69
13/02/2014,11922.86
14/02/2014,11967.98
17/02/2014,12058.97
18/02/2014,12175.2
19/02/2014,12164.01
20/02/2014,12106.74
21/02/2014,12167.65
24/02/2014,12249.97
25/02/2014,12322.14
26/02/2014,12427.9
28/02/2014,12598.73
03/03/2014,12449.57
04/03/2014,12508.23
05/03/2014,12479.37
06/03/2014,12584.92
07/03/2014,12721.44
10/03/2014,12786.07
11/03/2014,12703.64
12/03/2014,12620.28
13/03/2014,12688.93
14/03/2014,12808.16
18/03/2014,12785.97
19/03/2014,12776.99
20/03/2014,12643.85
21/03/2014,12725.63
22/03/2014,12771.75
24/03/2014,12888.5
25/03/2014,12920.65
26/03/2014,13043.86
27/03/2014,13111.46
28/03/2014,13142.84
31/03/2014,13280.27
01/04/2014,13305.01
02/04/2014,13431.08
03/04/2014,13413.41
04/04/2014,13278.87
07/04/2014,13264.91
09/04/2014,13499.24
10/04/2014,13572.54
11/04/2014,13409.68
15/04/2014,13284.13
16/04/2014,13197.3
17/04/2014,13494.62
21/04/2014,13674.22
22/04/2014,13614.71
23/04/2014,13632.16
25/04/2014,13615.96
28/04/2014,13483.49
29/04/2014,13322.91
30/04/2014,13372.23
02/05/2014,13303.39
05/05/2014,13347.12
06/05/2014,13359.1
07/05/2014,13265.53
08/05/2014,13341.88
09/05/2014,13676.71
12/05/2014,14071.23
13/05/2014,14175.8
14/05/2014,14172.2
15/05/2014,14106.36
16/05/2014,14230.62
19/05/2014,14246.77
20/05/2014,14250.49
21/05/2014,14321.8
22/05/2014,14334.41
23/05/2014,14580.74
26/05/2014,14794.89
27/05/2014,14601.14
28/05/2014,14491.66
29/05/2014,14466.04
30/05/2014,14493.77
02/06/2014,14700.86
03/06/2014,14744.49
04/06/2014,14841.74
05/06/2014,14956.43
06/06/2014,15184.52
09/06/2014,15433.96
10/06/2014,15436.87
11/06/2014,15366.91
12/06/2014,15459.1
13/06/2014,15195.07
16/06/2014,15031.83
17/06/2014,15127.03
18/06/2014,14974.06
19/06/2014,15015.57
20/06/2014,14878.31
23/06/2014,14987.23
24/06/2014,15145.94
25/06/2014,15260.32
26/06/2014,15280.35
27/06/2014,15198.27
30/06/2014,15249.29
01/07/2014,15742.92
02/07/2014,15966.3
03/07/2014,16093.29
04/07/2014,16095.77
07/07/2014,16206.1
08/07/2014,15838.12
09/07/2014,15452.99
10/07/2014,15312.72
11/07/2014,15154.5
14/07/2014,15304.44
15/07/2014,15518.66
16/07/2014,15741.51
17/07/2014,15716.27
18/07/2014,15713.19
21/07/2014,15716.95
22/07/2014,15773.7
23/07/2014,15804.16
24/07/2014,15807.83
25/07/2014,15609.56
28/07/2014,15488.2
30/07/2014,15587.74
31/07/2014,15490.71
01/08/2014,15329.57
04/08/2014,15558.2
05/08/2014,15886.81
06/08/2014,15773.23
07/08/2014,15759.02
08/08/2014,15544.33
11/08/2014,15956.7
12/08/2014,16242.69
13/08/2014,16255.99
14/08/2014,16348.06
18/08/2014,16607.69
19/08/2014,16981.84
20/08/2014,16887.09
21/08/2014,17020.65
22/08/2014,17034.27
25/08/2014,17106.27
26/08/2014,17110.96
27/08/2014,17249.98
28/08/2014,17293.65
01/09/2014,17522.04
02/09/2014,17551.68
03/09/2014,17670.08
04/09/2014,17688.88
05/09/2014,17573.42
08/09/2014,17711.81
09/09/2014,17771.94
10/09/2014,17698.89
11/09/2014,17814.92
12/09/2014,17928.39
15/09/2014,17878.24
16/09/2014,17568.13
17/09/2014,17746.87
18/09/2014,18221.49
19/09/2014,18093.73
22/09/2014,18292.06
23/09/2014,17949.01
24/09/2014,17857.78
25/09/2014,17684.63
26/09/2014,17835.7
29/09/2014,17757.23
30/09/2014,17746.9
01/10/2014,17719.87
07/10/2014,17572.7
08/10/2014,17673.98
09/10/2014,17844.1
10/10/2014,17348.42
13/10/2014,17334.88
14/10/2014,17260.86
16/10/2014,16900.95
17/10/2014,17018.77
20/10/2014,17388.21
21/10/2014,17501.44
22/10/2014,18020.89
23/10/2014,18025.56
27/10/2014,17883.04
28/10/2014,17942.43
29/10/2014,18262.93
30/10/2014,18314.87
31/10/2014,18579.07
03/11/2014,18415.42
05/11/2014,18423.81
07/11/2014,18338.67
10/11/2014,18275.93
11/11/2014,18400.4
12/11/2014,18617.56
13/11/2014,18544.21
14/11/2014,18659.93
17/11/2014,18926.8
18/11/2014,19030.02
19/11/2014,18907.29
20/11/2014,18822.94
21/11/2014,18925.28
24/11/2014,18938.02
25/11/2014,18736.68
26/11/2014,18787.14
27/11/2014,18852.29
28/11/2014,19220.05
01/12/2014,19283.92
02/12/2014,19082.11
03/12/2014,19337.8
04/12/2014,19363.65
05/12/2014,19350.3
08/12/2014,19086.55
09/12/2014,18845.61
10/12/2014,18914.17
11/12/2014,18761.43
12/12/2014,18674.5
15/12/2014,18603.98
16/12/2014,18304.9
17/12/2014,18018.13
18/12/2014,18389.89
19/12/2014,18360.88
22/12/2014,18618.79
23/12/2014,18585.69
24/12/2014,18462.55
26/12/2014,18455.13
29/12/2014,18732.47
30/12/2014,18682.33
31/12/2014,18630.84
01/01/2015,18703.53
02/01/2015,18837.15
05/01/2015,19050.97
06/01/2015,9498.37
07/01/2015,18534.53
08/01/2015,18828.93
09/01/2015,18835.27
12/01/2015,18846.9
13/01/2015,18832.68
14/01/2015,18904.64
15/01/2015,19306.9
16/01/2015,19326.3
19/01/2015,19515.84
20/01/2015,19652.68
21/01/2015,19666.49
22/01/2015,19807.22
23/01/2015,20106.78
27/01/2015,20355.78
28/01/2015,20209.63
29/01/2015,20231.09
30/01/2015,19985.9
02/02/2015,20077.54
03/02/2015,19945.88
04/02/2015,19727.61
05/02/2015,19593.92
06/02/2015,19051.97
09/02/2015,18620.43
10/02/2015,18945.47
11/02/2015,19097.69
12/02/2015,19378.28
13/02/2015,19586.94
16/02/2015,19674.22
18/02/2015,19849.04
19/02/2015,19847.64
20/02/2015,19832.7
23/02/2015,19696.99
24/02/2015,19638.44
25/02/2015,19632.82
26/02/2015,19352.5
27/02/2015,19769.71
28/02/2015,19982.74
02/03/2015,19924.95
03/03/2015,19753.13
04/03/2015,19601.26
05/03/2015,19697.49
09/03/2015,19483.97
10/03/2015,19555.85
11/03/2015,19546.94
12/03/2015,19785.41
13/03/2015,19462.1
16/03/2015,19422.63
17/03/2015,19658.81
18/03/2015,19535.37
19/03/2015,19463.1
20/03/2015,19198.5
23/03/2015,19212.27
24/03/2015,18988.07
25/03/2015,19049.11
26/03/2015,18763.62
27/03/2015,18844.04
30/03/2015,19136.76
31/03/2015,19258.66
01/04/2015,19465.41
06/04/2015,19635.55
07/04/2015,19651.14
08/04/2015,19759.4
09/04/2015,19753.24
10/04/2015,19808.75
13/04/2015,19682.45
15/04/2015,19389.8
16/04/2015,19331.33
17/04/2015,19113
20/04/2015,18768.17
21/04/2015,18522.85
22/04/2015,18515.58
23/04/2015,18392.33
24/04/2015,18262.01
27/04/2015,18228.25
28/04/2015,18636.12
29/04/2015,18529.48
30/04/2015,18334.5
04/05/2015,18619.18
05/05/2015,18613.58
06/05/2015,18095.05
07/05/2015,17892.18
08/05/2015,18369.63
11/05/2015,18832.17
12/05/2015,18487.76
13/05/2015,18805.55
14/05/2015,18964.52
15/05/2015,19077.15
18/05/2015,19228.17
19/05/2015,19080.68
20/05/2015,18977.01
21/05/2015,19127.91
22/05/2015,19178.74
25/05/2015,19125.8
26/05/2015,19072.01
27/05/2015,18669.26
28/05/2015,18691.35
29/05/2015,19079.79
01/06/2015,19014.08
02/06/2015,18618.73
03/06/2015,18336.36
04/06/2015,18207.68
05/06/2015,18099.03
08/06/2015,17926.17
09/06/2015,17794.83
10/06/2015,18117.84
11/06/2015,17688.22
12/06/2015,17698.58
15/06/2015,17896.44
16/06/2015,18090.3
17/06/2015,18236.54
18/06/2015,18450.4
19/06/2015,18560.24
22/06/2015,18746.39
23/06/2015,18772.49
24/06/2015,18621.79
25/06/2015,18787.03
26/06/2015,18865.34
29/06/2015,18607.35
30/06/2015,18712.17
01/07/2015,18960.81
02/07/2015,19044.78
03/07/2015,18970.45
07/07/2015,18966.38
08/07/2015,18541.44
09/07/2015,18435.48
10/07/2015,18403.13
13/07/2015,18698.34
14/07/2015,18524.92
15/07/2015,18774.19
16/07/2015,18832.78
17/07/2015,18931.68
20/07/2015,18935.77
21/07/2015,18867.79
22/07/2015,19075.88
23/07/2015,19170.06
24/07/2015,18953.48
27/07/2015,18590.32
28/07/2015,18461.57
29/07/2015,18719.02
30/07/2015,18769.43
31/07/2015,19107.78
03/08/2015,19247.05
04/08/2015,19440.12
05/08/2015,19641.08
06/08/2015,19751.88
07/08/2015,19765.17
10/08/2015,19677.97
11/08/2015,19418.83
12/08/2015,18924.78
13/08/2015,19005.8
14/08/2015,19461.68
17/08/2015,19337.89
18/08/2015,19454.47
19/08/2015,19544.78
20/08/2015,19191.56
21/08/2015,18795.14
24/08/2015,17443.64
25/08/2015,17803.14
26/08/2015,17679.1
27/08/2015,17823.79
28/08/2015,18003.5
31/08/2015,17865.27
01/09/2015,17392.43
02/09/2015,17154.06
03/09/2015,17383.44
04/09/2015,16983.2
07/09/2015,16786.72
08/09/2015,17076.86
09/09/2015,17575.82
10/09/2015,17698.8
11/09/2015,17647.98
14/09/2015,17710.18
15/09/2015,17415.86
16/09/2015,17496
18/09/2015,17571.7
21/09/2015,17601.46
22/09/2015,17296.62
23/09/2015,17299.74
24/09/2015,17316.59
28/09/2015,17015.39
29/09/2015,17143.93
30/09/2015,17391.08
01/10/2015,17312.27
05/10/2015,17678.7
06/10/2015,17786.29
07/10/2015,18029.77
08/10/2015,17933.4
09/10/2015,18009.21
12/10/2015,18049.87
13/10/2015,18054.18
14/10/2015,17924.65
15/10/2015,18341.81
16/10/2015,18501.78
19/10/2015,18435.71
20/10/2015,18491.02
21/10/2015,18541.17
23/10/2015,18406.08
26/10/2015,18431.53
27/10/2015,18501.32
28/10/2015,18380.55
29/10/2015,18387.25
30/10/2015,18166.21
02/11/2015,18175.38
03/11/2015,18186.45
04/11/2015,18493.31
05/11/2015,18400.91
06/11/2015,18264.27
09/11/2015,18492
10/11/2015,18511.03
11/11/2015,18605.29
13/11/2015,18305.54
16/11/2015,18351.03
17/11/2015,18452.19
18/11/2015,18297.35
19/11/2015,18564.38
20/11/2015,18675.54
23/11/2015,18802.82
24/11/2015,18663.81
26/11/2015,18903.76
27/11/2015,18879.72
30/11/2015,18964.36
01/12/2015,18854.65
02/12/2015,18844.78
03/12/2015,18688.09
04/12/2015,18480.13
07/12/2015,18442.74
08/12/2015,18425.99
09/12/2015,18106.05
10/12/2015,18132.29
11/12/2015,17822.2
14/12/2015,17893.03
15/12/2015,18127.31
16/12/2015,18035.69
17/12/2015,18276.41
18/12/2015,18149.91
21/12/2015,18303.45
22/12/2015,18182.87
23/12/2015,18213.95
24/12/2015,18263.23
28/12/2015,18437.95
29/12/2015,18540.64
30/12/2015,18485.51
31/12/2015,18519.08
01/01/2016,18691.17
04/01/2016,18295.25
05/01/2016,18238.04
06/01/2016,18011.08
07/01/2016,17341.65
08/01/2016,17383.93
11/01/2016,17401.88
12/01/2016,17323.61
13/01/2016,17477.19
14/01/2016,17255.01
15/01/2016,16946.46
18/01/2016,16700.03
19/01/2016,16889.96
20/01/2016,16605.93
21/01/2016,16296.45
22/01/2016,16891.43
25/01/2016,16775.17
27/01/2016,16797.55
28/01/2016,16727.32
29/01/2016,17046.03
01/02/2016,16985.08
02/02/2016,16748.33
03/02/2016,16476.84
04/02/2016,16562.28
05/02/2016,16827.97
08/02/2016,16654.62
09/02/2016,16358.28
10/02/2016,16164.95
11/02/2016,15593.57
12/02/2016,15861.73
15/02/2016,16539.09
16/02/2016,16238.3
17/02/2016,16406.27
18/02/2016,16497.76
19/02/2016,16640.83
22/02/2016,16706.2
23/02/2016,16468.01
24/02/2016,16264.08
25/02/2016,16037.88
26/02/2016,16024.44
29/02/2016,15851.55
01/03/2016,16516.18
02/03/2016,16596.41
03/03/2016,16942.33
04/03/2016,16977.42
08/03/2016,16970.99
09/03/2016,17183.57
10/03/2016,17168.23
11/03/2016,17240.54
14/03/2016,17343.91
15/03/2016,17222.65
16/03/2016,17134.37
17/03/2016,17101.26
18/03/2016,17334.49
21/03/2016,17541.4
22/03/2016,17731.42
23/03/2016,17830.08
28/03/2016,17571.98
29/03/2016,17728.17
30/03/2016,17999.84
31/03/2016,18001.76
01/04/2016,17883.68
04/04/2016,18091.82
05/04/2016,17581.38
06/04/2016,17682.65
07/04/2016,17476.42
08/04/2016,17463.09
11/04/2016,17812.07
12/04/2016,18098.47
13/04/2016,18748.94
18/04/2016,18698.6
20/04/2016,18592.84
21/04/2016,18539.41
22/04/2016,18700.37
25/04/2016,18537.15
26/04/2016,18827.41
27/04/2016,18883.49
28/04/2016,18508.05
29/04/2016,18469.4
02/05/2016,18499.27
03/05/2016,18437.24
04/05/2016,18059.18
05/05/2016,18161.57
06/05/2016,18272.53
09/05/2016,18565.13
10/05/2016,18403.95
11/05/2016,18306.02
12/05/2016,18398.79
13/05/2016,18222.58
16/05/2016,18324.72
17/05/2016,18430.66
18/05/2016,18194.69
19/05/2016,18122.56
20/05/2016,18070.2
23/05/2016,17955.35
24/05/2016,18012.37
25/05/2016,18340.63
26/05/2016,18540.39
27/05/2016,18713.86
30/05/2016,18920.93
31/05/2016,19363.25
01/06/2016,19247.16
02/06/2016,19332.09
03/06/2016,19418.33
06/06/2016,19437.35
07/06/2016,19528.91
08/06/2016,19615.19
09/06/2016,19494.28
10/06/2016,19308.28
13/06/2016,19123.08
14/06/2016,19143.56
15/06/2016,19304.06
16/06/2016,19126.97
17/06/2016,19233.26
20/06/2016,19520.74
21/06/2016,19634.16
22/06/2016,19482.29
23/06/2016,19694.83
24/06/2016,19176.16
27/06/2016,19127.82
28/06/2016,19183.28
29/06/2016,19473.01
30/06/2016,19744.64
01/07/2016,19782.31
04/07/2016,19904.19
05/07/2016,19686.25
07/07/2016,19584.52
08/07/2016,19708.84
11/07/2016,20139.96
12/07/2016,20254.8
13/07/2016,20118.84
14/07/2016,20228.62
15/07/2016,20423.77
18/07/2016,20494.7
19/07/2016,20564.93
20/07/2016,20631.08
21/07/2016,20485.73
22/07/2016,20646.3
25/07/2016,20843.37
26/07/2016,20610.77
27/07/2016,20756.83
28/07/2016,20925.25
29/07/2016,21091.11
01/08/2016,21191.29
02/08/2016,21087.43
03/08/2016,20728.15
04/08/2016,21008.73
05/08/2016,21667.78
08/08/2016,21815.84
09/08/2016,21691.38
10/08/2016,21273.06
11/08/2016,21177.91
12/08/2016,21404.8
16/08/2016,21274.89
17/08/2016,21454.56
18/08/2016,21526.21
19/08/2016,21417.62
22/08/2016,21226.07
23/08/2016,21193.52
24/08/2016,21230.97
25/08/2016,21104.23
26/08/2016,21235.39
29/08/2016,21540.82
30/08/2016,21931.04
31/08/2016,22008.15
01/09/2016,22085.91
02/09/2016,22309.57
06/09/2016,22940.83
07/09/2016,22978.02
08/09/2016,23187.69
09/09/2016,22844.28
12/09/2016,22248.57
14/09/2016,22374.9
15/09/2016,22290.45
16/09/2016,22419.43
19/09/2016,22457.05
20/09/2016,22317.12
21/09/2016,22373.36
22/09/2016,22695.61
23/09/2016,22642.26
26/09/2016,22252.51
27/09/2016,22147.63
28/09/2016,22422
29/09/2016,21937.03
30/09/2016,22231.66
03/10/2016,22774.95
04/10/2016,22786.81
05/10/2016,22866.29
06/10/2016,22709.15
07/10/2016,22849.09
10/10/2016,22832.5
13/10/2016,22532.3
14/10/2016,22554.9
17/10/2016,22076.4
18/10/2016,22361.09
19/10/2016,22240.41
20/10/2016,22231.9
21/10/2016,22244.79
24/10/2016,22431.93
25/10/2016,22336.38
26/10/2016,22193.04
27/10/2016,21892.05
28/10/2016,22168.45
30/10/2016,22185.39
01/11/2016,22275.18
02/11/2016,22033.25
03/11/2016,21991.46
04/11/2016,21810.38
07/11/2016,21889.15
08/11/2016,22254.58
09/11/2016,21692.85
10/11/2016,21539.36
11/11/2016,20562.68
15/11/2016,19520.27
16/11/2016,19711.34
17/11/2016,19698.47
18/11/2016,19859.37
21/11/2016,19214.67
22/11/2016,19577.05
23/11/2016,19650.34
24/11/2016,19386.37
25/11/2016,19424.86
28/11/2016,19515.11
29/11/2016,19944.99
30/11/2016,20144.62
01/12/2016,19967.1
02/12/2016,19645.38
05/12/2016,20022.28
06/12/2016,19946.31
07/12/2016,20030.92
08/12/2016,20558.48
09/12/2016,20463.71
12/12/2016,20109.97
13/12/2016,20306.41
14/12/2016,20208.52
15/12/2016,20144.5
16/12/2016,20235.31
19/12/2016,20115.35
20/12/2016,19946.6
21/12/2016,19954.68
22/12/2016,19831.16
23/12/2016,19885.7
26/12/2016,19595.3
27/12/2016,19897.89
28/12/2016,19912.58
29/12/2016,20179.4
30/12/2016,20257.43
